,Date_Time,Location,Model,Label,Actual,Predict,Score
0,2023-03-11 06:00:00,CAP,OLS,Max_PM10_EWMA,69.0,90.22,26.1
1,2023-03-11 18:00:00,CAP,OLS,Max_PM10_EWMA,106.0,87.17,26.1
2,2023-03-12 06:00:00,CAP,OLS,Max_PM10_EWMA,83.0,107.88,26.1
3,2023-03-12 18:00:00,CAP,OLS,Max_PM10_EWMA,138.0,113.61,26.1
4,2023-03-13 06:00:00,CAP,OLS,Max_PM10_EWMA,84.0,98.1,26.1
5,2023-03-13 18:00:00,CAP,OLS,Max_PM10_EWMA,62.0,51.8,26.1
6,2023-03-14 06:00:00,CAP,OLS,Max_PM10_EWMA,106.0,85.91,26.1
7,2023-03-14 18:00:00,CAP,OLS,Max_PM10_EWMA,83.0,78.02,26.1
8,2023-03-15 06:00:00,CAP,OLS,Max_PM10_EWMA,63.0,67.88,26.1
9,2023-03-15 18:00:00,CAP,OLS,Max_PM10_EWMA,51.0,60.16,26.1
10,2023-03-16 06:00:00,CAP,OLS,Max_PM10_EWMA,39.0,72.64,26.1
11,2023-03-16 18:00:00,CAP,OLS,Max_PM10_EWMA,43.0,75.63,26.1
12,2023-03-17 06:00:00,CAP,OLS,Max_PM10_EWMA,87.0,77.65,26.1
13,2023-03-17 18:00:00,CAP,OLS,Max_PM10_EWMA,118.0,80.66,26.1
14,2023-03-18 06:00:00,CAP,OLS,Max_PM10_EWMA,74.0,73.87,26.1
15,2023-03-18 18:00:00,CAP,OLS,Max_PM10_EWMA,47.0,95.98,26.1
16,2023-03-19 06:00:00,CAP,OLS,Max_PM10_EWMA,22.0,75.19,26.1
17,2023-03-19 18:00:00,CAP,OLS,Max_PM10_EWMA,53.0,63.15,26.1
18,2023-03-20 06:00:00,CAP,OLS,Max_PM10_EWMA,27.0,73.43,26.1
19,2023-03-20 18:00:00,CAP,OLS,Max_PM10_EWMA,58.0,89.21,26.1
20,2023-03-21 06:00:00,CAP,OLS,Max_PM10_EWMA,139.0,91.66,26.1
21,2023-03-21 18:00:00,CAP,OLS,Max_PM10_EWMA,93.0,106.57,26.1
22,2023-03-22 06:00:00,CAP,OLS,Max_PM10_EWMA,119.0,160.95,26.1
23,2023-03-22 18:00:00,CAP,OLS,Max_PM10_EWMA,94.0,96.95,26.1
24,2023-03-23 06:00:00,CAP,OLS,Max_PM10_EWMA,106.0,89.39,26.1
25,2023-03-23 18:00:00,CAP,OLS,Max_PM10_EWMA,94.0,112.72,26.1
26,2023-03-24 06:00:00,CAP,OLS,Max_PM10_EWMA,107.0,96.52,26.1
27,2023-03-24 18:00:00,CAP,OLS,Max_PM10_EWMA,110.0,125.39,26.1
28,2023-03-25 06:00:00,CAP,OLS,Max_PM10_EWMA,179.0,101.95,26.1
29,2023-03-25 18:00:00,CAP,OLS,Max_PM10_EWMA,99.0,135.58,26.1
30,2023-03-26 06:00:00,CAP,OLS,Max_PM10_EWMA,70.0,87.6,26.1
31,2023-03-26 18:00:00,CAP,OLS,Max_PM10_EWMA,86.0,133.48,26.1
32,2023-03-27 06:00:00,CAP,OLS,Max_PM10_EWMA,126.0,77.83,26.1
33,2023-03-27 18:00:00,CAP,OLS,Max_PM10_EWMA,128.0,111.53,26.1
34,2023-03-28 06:00:00,CAP,OLS,Max_PM10_EWMA,124.0,81.67,26.1
35,2023-03-28 18:00:00,CAP,OLS,Max_PM10_EWMA,113.0,94.99,26.1
36,2023-03-29 06:00:00,CAP,OLS,Max_PM10_EWMA,66.0,93.83,26.1
37,2023-03-29 18:00:00,CAP,OLS,Max_PM10_EWMA,84.0,72.06,26.1
38,2023-03-30 06:00:00,CAP,OLS,Max_PM10_EWMA,101.0,91.88,26.1
39,2023-03-30 18:00:00,CAP,OLS,Max_PM10_EWMA,130.0,84.0,26.1
40,2023-03-31 06:00:00,CAP,OLS,Max_PM10_EWMA,99.0,102.12,26.1
41,2023-03-31 18:00:00,CAP,OLS,Max_PM10_EWMA,94.0,120.34,26.1
42,2023-04-01 06:00:00,CAP,OLS,Max_PM10_EWMA,70.0,80.64,26.1
43,2023-04-01 18:00:00,CAP,OLS,Max_PM10_EWMA,111.0,78.0,26.1
44,2023-04-02 06:00:00,CAP,OLS,Max_PM10_EWMA,49.0,102.72,26.1
45,2023-04-02 18:00:00,CAP,OLS,Max_PM10_EWMA,82.0,78.87,26.1
46,2023-04-03 06:00:00,CAP,OLS,Max_PM10_EWMA,96.0,94.07,26.1
47,2023-04-03 18:00:00,CAP,OLS,Max_PM10_EWMA,124.0,103.28,26.1
48,2023-04-04 06:00:00,CAP,OLS,Max_PM10_EWMA,97.0,75.66,26.1
49,2023-04-04 18:00:00,CAP,OLS,Max_PM10_EWMA,114.0,87.86,26.1
50,2023-04-05 06:00:00,CAP,OLS,Max_PM10_EWMA,115.0,85.07,26.1
51,2023-04-05 18:00:00,CAP,OLS,Max_PM10_EWMA,187.0,104.93,26.1
52,2023-04-06 06:00:00,CAP,OLS,Max_PM10_EWMA,84.0,76.03,26.1
53,2023-04-06 18:00:00,CAP,OLS,Max_PM10_EWMA,134.0,51.35,26.1
54,2023-04-07 06:00:00,CAP,OLS,Max_PM10_EWMA,62.0,66.98,26.1
55,2023-04-07 18:00:00,CAP,OLS,Max_PM10_EWMA,79.0,57.43,26.1
56,2023-04-08 06:00:00,CAP,OLS,Max_PM10_EWMA,28.0,80.52,26.1
57,2023-04-08 18:00:00,CAP,OLS,Max_PM10_EWMA,60.0,73.51,26.1
58,2023-04-09 06:00:00,CAP,OLS,Max_PM10_EWMA,32.0,75.47,26.1
59,2023-04-09 18:00:00,CAP,OLS,Max_PM10_EWMA,58.0,69.44,26.1
60,2023-04-10 06:00:00,CAP,OLS,Max_PM10_EWMA,43.0,68.75,26.1
61,2023-04-10 18:00:00,CAP,OLS,Max_PM10_EWMA,51.0,58.92,26.1
62,2023-04-11 06:00:00,CAP,OLS,Max_PM10_EWMA,30.0,69.22,26.1
63,2023-03-11 06:00:00,CAP,SVM,Min_PM10_EWMA,47.0,30.58,8.35
64,2023-03-11 18:00:00,CAP,SVM,Min_PM10_EWMA,51.0,34.76,8.35
65,2023-03-12 06:00:00,CAP,SVM,Min_PM10_EWMA,47.0,41.74,8.35
66,2023-03-12 18:00:00,CAP,SVM,Min_PM10_EWMA,29.0,38.06,8.35
67,2023-03-13 06:00:00,CAP,SVM,Min_PM10_EWMA,26.0,43.2,8.35
68,2023-03-13 18:00:00,CAP,SVM,Min_PM10_EWMA,29.0,20.13,8.35
69,2023-03-14 06:00:00,CAP,SVM,Min_PM10_EWMA,42.0,28.11,8.35
70,2023-03-14 18:00:00,CAP,SVM,Min_PM10_EWMA,21.0,20.95,8.35
71,2023-03-15 06:00:00,CAP,SVM,Min_PM10_EWMA,17.0,24.8,8.35
72,2023-03-15 18:00:00,CAP,SVM,Min_PM10_EWMA,22.0,17.27,8.35
73,2023-03-16 06:00:00,CAP,SVM,Min_PM10_EWMA,22.0,22.23,8.35
74,2023-03-16 18:00:00,CAP,SVM,Min_PM10_EWMA,26.0,25.54,8.35
75,2023-03-17 06:00:00,CAP,SVM,Min_PM10_EWMA,31.0,25.74,8.35
76,2023-03-17 18:00:00,CAP,SVM,Min_PM10_EWMA,34.0,23.04,8.35
77,2023-03-18 06:00:00,CAP,SVM,Min_PM10_EWMA,32.0,25.49,8.35
78,2023-03-18 18:00:00,CAP,SVM,Min_PM10_EWMA,21.0,19.96,8.35
79,2023-03-19 06:00:00,CAP,SVM,Min_PM10_EWMA,17.0,20.49,8.35
80,2023-03-19 18:00:00,CAP,SVM,Min_PM10_EWMA,6.0,15.19,8.35
81,2023-03-20 06:00:00,CAP,SVM,Min_PM10_EWMA,8.0,21.67,8.35
82,2023-03-20 18:00:00,CAP,SVM,Min_PM10_EWMA,28.0,20.27,8.35
83,2023-03-21 06:00:00,CAP,SVM,Min_PM10_EWMA,60.0,23.3,8.35
84,2023-03-21 18:00:00,CAP,SVM,Min_PM10_EWMA,14.0,34.96,8.35
85,2023-03-22 06:00:00,CAP,SVM,Min_PM10_EWMA,37.0,62.57,8.35
86,2023-03-22 18:00:00,CAP,SVM,Min_PM10_EWMA,40.0,24.95,8.35
87,2023-03-23 06:00:00,CAP,SVM,Min_PM10_EWMA,38.0,35.33,8.35
88,2023-03-23 18:00:00,CAP,SVM,Min_PM10_EWMA,42.0,41.86,8.35
89,2023-03-24 06:00:00,CAP,SVM,Min_PM10_EWMA,44.0,37.61,8.35
90,2023-03-24 18:00:00,CAP,SVM,Min_PM10_EWMA,44.0,43.94,8.35
91,2023-03-25 06:00:00,CAP,SVM,Min_PM10_EWMA,44.0,44.71,8.35
92,2023-03-25 18:00:00,CAP,SVM,Min_PM10_EWMA,41.0,43.27,8.35
93,2023-03-26 06:00:00,CAP,SVM,Min_PM10_EWMA,39.0,39.2,8.35
94,2023-03-26 18:00:00,CAP,SVM,Min_PM10_EWMA,37.0,37.8,8.35
95,2023-03-27 06:00:00,CAP,SVM,Min_PM10_EWMA,38.0,29.73,8.35
96,2023-03-27 18:00:00,CAP,SVM,Min_PM10_EWMA,37.0,37.29,8.35
97,2023-03-28 06:00:00,CAP,SVM,Min_PM10_EWMA,56.0,38.36,8.35
98,2023-03-28 18:00:00,CAP,SVM,Min_PM10_EWMA,37.0,30.29,8.35
99,2023-03-29 06:00:00,CAP,SVM,Min_PM10_EWMA,40.0,43.1,8.35
100,2023-03-29 18:00:00,CAP,SVM,Min_PM10_EWMA,33.0,29.34,8.35
101,2023-03-30 06:00:00,CAP,SVM,Min_PM10_EWMA,34.0,32.94,8.35
102,2023-03-30 18:00:00,CAP,SVM,Min_PM10_EWMA,57.0,31.56,8.35
103,2023-03-31 06:00:00,CAP,SVM,Min_PM10_EWMA,37.0,40.9,8.35
104,2023-03-31 18:00:00,CAP,SVM,Min_PM10_EWMA,35.0,49.03,8.35
105,2023-04-01 06:00:00,CAP,SVM,Min_PM10_EWMA,43.0,35.39,8.35
106,2023-04-01 18:00:00,CAP,SVM,Min_PM10_EWMA,38.0,23.7,8.35
107,2023-04-02 06:00:00,CAP,SVM,Min_PM10_EWMA,23.0,37.6,8.35
108,2023-04-02 18:00:00,CAP,SVM,Min_PM10_EWMA,40.0,37.05,8.35
109,2023-04-03 06:00:00,CAP,SVM,Min_PM10_EWMA,29.0,31.64,8.35
110,2023-04-03 18:00:00,CAP,SVM,Min_PM10_EWMA,38.0,37.03,8.35
111,2023-04-04 06:00:00,CAP,SVM,Min_PM10_EWMA,54.0,26.87,8.35
112,2023-04-04 18:00:00,CAP,SVM,Min_PM10_EWMA,61.0,32.69,8.35
113,2023-04-05 06:00:00,CAP,SVM,Min_PM10_EWMA,42.0,41.8,8.35
114,2023-04-05 18:00:00,CAP,SVM,Min_PM10_EWMA,43.0,39.65,8.35
115,2023-04-06 06:00:00,CAP,SVM,Min_PM10_EWMA,47.0,33.43,8.35
116,2023-04-06 18:00:00,CAP,SVM,Min_PM10_EWMA,13.0,25.32,8.35
117,2023-04-07 06:00:00,CAP,SVM,Min_PM10_EWMA,23.0,30.72,8.35
118,2023-04-07 18:00:00,CAP,SVM,Min_PM10_EWMA,22.0,17.56,8.35
119,2023-04-08 06:00:00,CAP,SVM,Min_PM10_EWMA,16.0,25.63,8.35
120,2023-04-08 18:00:00,CAP,SVM,Min_PM10_EWMA,20.0,24.07,8.35
121,2023-04-09 06:00:00,CAP,SVM,Min_PM10_EWMA,24.0,19.76,8.35
122,2023-04-09 18:00:00,CAP,SVM,Min_PM10_EWMA,18.0,18.8,8.35
123,2023-04-10 06:00:00,CAP,SVM,Min_PM10_EWMA,18.0,22.15,8.35
124,2023-04-10 18:00:00,CAP,SVM,Min_PM10_EWMA,10.0,16.54,8.35
125,2023-04-11 06:00:00,CAP,SVM,Min_PM10_EWMA,20.0,22.79,8.35
126,2023-03-11 06:00:00,CAP,OLS,Mean_PM10_EWMA,57.0,52.14,13.68
127,2023-03-11 18:00:00,CAP,OLS,Mean_PM10_EWMA,76.0,55.83,13.68
128,2023-03-12 06:00:00,CAP,OLS,Mean_PM10_EWMA,58.0,63.34,13.68
129,2023-03-12 18:00:00,CAP,OLS,Mean_PM10_EWMA,58.0,79.28,13.68
130,2023-03-13 06:00:00,CAP,OLS,Mean_PM10_EWMA,50.0,63.92,13.68
131,2023-03-13 18:00:00,CAP,OLS,Mean_PM10_EWMA,44.0,41.09,13.68
132,2023-03-14 06:00:00,CAP,OLS,Mean_PM10_EWMA,65.0,57.08,13.68
133,2023-03-14 18:00:00,CAP,OLS,Mean_PM10_EWMA,39.0,51.49,13.68
134,2023-03-15 06:00:00,CAP,OLS,Mean_PM10_EWMA,38.0,41.16,13.68
135,2023-03-15 18:00:00,CAP,OLS,Mean_PM10_EWMA,32.0,38.57,13.68
136,2023-03-16 06:00:00,CAP,OLS,Mean_PM10_EWMA,31.0,54.29,13.68
137,2023-03-16 18:00:00,CAP,OLS,Mean_PM10_EWMA,36.0,45.57,13.68
138,2023-03-17 06:00:00,CAP,OLS,Mean_PM10_EWMA,48.0,50.26,13.68
139,2023-03-17 18:00:00,CAP,OLS,Mean_PM10_EWMA,79.0,37.17,13.68
140,2023-03-18 06:00:00,CAP,OLS,Mean_PM10_EWMA,50.0,44.88,13.68
141,2023-03-18 18:00:00,CAP,OLS,Mean_PM10_EWMA,31.0,48.72,13.68
142,2023-03-19 06:00:00,CAP,OLS,Mean_PM10_EWMA,20.0,49.16,13.68
143,2023-03-19 18:00:00,CAP,OLS,Mean_PM10_EWMA,28.0,40.81,13.68
144,2023-03-20 06:00:00,CAP,OLS,Mean_PM10_EWMA,21.0,46.44,13.68
145,2023-03-20 18:00:00,CAP,OLS,Mean_PM10_EWMA,45.0,61.42,13.68
146,2023-03-21 06:00:00,CAP,OLS,Mean_PM10_EWMA,106.0,47.14,13.68
147,2023-03-21 18:00:00,CAP,OLS,Mean_PM10_EWMA,62.0,80.45,13.68
148,2023-03-22 06:00:00,CAP,OLS,Mean_PM10_EWMA,63.0,75.66,13.68
149,2023-03-22 18:00:00,CAP,OLS,Mean_PM10_EWMA,57.0,54.4,13.68
150,2023-03-23 06:00:00,CAP,OLS,Mean_PM10_EWMA,66.0,63.37,13.68
151,2023-03-23 18:00:00,CAP,OLS,Mean_PM10_EWMA,67.0,68.51,13.68
152,2023-03-24 06:00:00,CAP,OLS,Mean_PM10_EWMA,69.0,73.97,13.68
153,2023-03-24 18:00:00,CAP,OLS,Mean_PM10_EWMA,80.0,65.97,13.68
154,2023-03-25 06:00:00,CAP,OLS,Mean_PM10_EWMA,88.0,70.09,13.68
155,2023-03-25 18:00:00,CAP,OLS,Mean_PM10_EWMA,69.0,75.77,13.68
156,2023-03-26 06:00:00,CAP,OLS,Mean_PM10_EWMA,52.0,78.76,13.68
157,2023-03-26 18:00:00,CAP,OLS,Mean_PM10_EWMA,59.0,75.56,13.68
158,2023-03-27 06:00:00,CAP,OLS,Mean_PM10_EWMA,75.0,47.75,13.68
159,2023-03-27 18:00:00,CAP,OLS,Mean_PM10_EWMA,100.0,71.17,13.68
160,2023-03-28 06:00:00,CAP,OLS,Mean_PM10_EWMA,84.0,55.02,13.68
161,2023-03-28 18:00:00,CAP,OLS,Mean_PM10_EWMA,71.0,55.54,13.68
162,2023-03-29 06:00:00,CAP,OLS,Mean_PM10_EWMA,55.0,45.14,13.68
163,2023-03-29 18:00:00,CAP,OLS,Mean_PM10_EWMA,52.0,52.96,13.68
164,2023-03-30 06:00:00,CAP,OLS,Mean_PM10_EWMA,63.0,60.51,13.68
165,2023-03-30 18:00:00,CAP,OLS,Mean_PM10_EWMA,99.0,55.13,13.68
166,2023-03-31 06:00:00,CAP,OLS,Mean_PM10_EWMA,65.0,66.11,13.68
167,2023-03-31 18:00:00,CAP,OLS,Mean_PM10_EWMA,62.0,60.9,13.68
168,2023-04-01 06:00:00,CAP,OLS,Mean_PM10_EWMA,57.0,62.43,13.68
169,2023-04-01 18:00:00,CAP,OLS,Mean_PM10_EWMA,72.0,47.11,13.68
170,2023-04-02 06:00:00,CAP,OLS,Mean_PM10_EWMA,41.0,60.67,13.68
171,2023-04-02 18:00:00,CAP,OLS,Mean_PM10_EWMA,61.0,59.95,13.68
172,2023-04-03 06:00:00,CAP,OLS,Mean_PM10_EWMA,61.0,62.74,13.68
173,2023-04-03 18:00:00,CAP,OLS,Mean_PM10_EWMA,73.0,62.42,13.68
174,2023-04-04 06:00:00,CAP,OLS,Mean_PM10_EWMA,74.0,54.27,13.68
175,2023-04-04 18:00:00,CAP,OLS,Mean_PM10_EWMA,88.0,79.51,13.68
176,2023-04-05 06:00:00,CAP,OLS,Mean_PM10_EWMA,76.0,73.25,13.68
177,2023-04-05 18:00:00,CAP,OLS,Mean_PM10_EWMA,82.0,53.89,13.68
178,2023-04-06 06:00:00,CAP,OLS,Mean_PM10_EWMA,57.0,49.68,13.68
179,2023-04-06 18:00:00,CAP,OLS,Mean_PM10_EWMA,62.0,35.17,13.68
180,2023-04-07 06:00:00,CAP,OLS,Mean_PM10_EWMA,33.0,37.49,13.68
181,2023-04-07 18:00:00,CAP,OLS,Mean_PM10_EWMA,47.0,38.9,13.68
182,2023-04-08 06:00:00,CAP,OLS,Mean_PM10_EWMA,23.0,50.88,13.68
183,2023-04-08 18:00:00,CAP,OLS,Mean_PM10_EWMA,42.0,53.54,13.68
184,2023-04-09 06:00:00,CAP,OLS,Mean_PM10_EWMA,27.0,41.52,13.68
185,2023-04-09 18:00:00,CAP,OLS,Mean_PM10_EWMA,36.0,31.8,13.68
186,2023-04-10 06:00:00,CAP,OLS,Mean_PM10_EWMA,32.0,32.63,13.68
187,2023-04-10 18:00:00,CAP,OLS,Mean_PM10_EWMA,34.0,34.65,13.68
188,2023-04-11 06:00:00,CAP,OLS,Mean_PM10_EWMA,26.0,33.53,13.68
189,2023-03-11 06:00:00,COR,MLP,Max_PM25_EWMA,40.0,32.15,9.65
190,2023-03-11 18:00:00,COR,MLP,Max_PM25_EWMA,41.0,30.64,9.65
191,2023-03-12 06:00:00,COR,MLP,Max_PM25_EWMA,26.0,35.2,9.65
192,2023-03-12 18:00:00,COR,MLP,Max_PM25_EWMA,31.0,33.49,9.65
193,2023-03-13 06:00:00,COR,MLP,Max_PM25_EWMA,21.0,31.59,9.65
194,2023-03-13 18:00:00,COR,MLP,Max_PM25_EWMA,24.0,23.21,9.65
195,2023-03-14 06:00:00,COR,MLP,Max_PM25_EWMA,31.0,22.89,9.65
196,2023-03-14 18:00:00,COR,MLP,Max_PM25_EWMA,23.0,18.43,9.65
197,2023-03-15 06:00:00,COR,MLP,Max_PM25_EWMA,111.0,18.95,9.65
198,2023-03-15 18:00:00,COR,MLP,Max_PM25_EWMA,96.0,21.32,9.65
199,2023-03-16 06:00:00,COR,MLP,Max_PM25_EWMA,20.0,37.66,9.65
200,2023-03-16 18:00:00,COR,MLP,Max_PM25_EWMA,12.0,36.73,9.65
201,2023-03-17 06:00:00,COR,MLP,Max_PM25_EWMA,24.0,20.43,9.65
202,2023-03-17 18:00:00,COR,MLP,Max_PM25_EWMA,26.0,16.54,9.65
203,2023-03-18 06:00:00,COR,MLP,Max_PM25_EWMA,23.0,20.58,9.65
204,2023-03-18 18:00:00,COR,MLP,Max_PM25_EWMA,18.0,15.62,9.65
205,2023-03-19 06:00:00,COR,MLP,Max_PM25_EWMA,15.0,19.57,9.65
206,2023-03-19 18:00:00,COR,MLP,Max_PM25_EWMA,11.0,15.05,9.65
207,2023-03-20 06:00:00,COR,MLP,Max_PM25_EWMA,9.0,19.61,9.65
208,2023-03-20 18:00:00,COR,MLP,Max_PM25_EWMA,18.0,22.19,9.65
209,2023-03-21 06:00:00,COR,MLP,Max_PM25_EWMA,28.0,22.94,9.65
210,2023-03-21 18:00:00,COR,MLP,Max_PM25_EWMA,32.0,31.27,9.65
211,2023-03-22 06:00:00,COR,MLP,Max_PM25_EWMA,43.0,33.48,9.65
212,2023-03-22 18:00:00,COR,MLP,Max_PM25_EWMA,26.0,27.3,9.65
213,2023-03-23 06:00:00,COR,MLP,Max_PM25_EWMA,42.0,34.66,9.65
214,2023-03-23 18:00:00,COR,MLP,Max_PM25_EWMA,34.0,30.48,9.65
215,2023-03-24 06:00:00,COR,MLP,Max_PM25_EWMA,37.0,34.79,9.65
216,2023-03-24 18:00:00,COR,MLP,Max_PM25_EWMA,32.0,36.36,9.65
217,2023-03-25 06:00:00,COR,MLP,Max_PM25_EWMA,30.0,35.79,9.65
218,2023-03-25 18:00:00,COR,MLP,Max_PM25_EWMA,38.0,34.41,9.65
219,2023-03-26 06:00:00,COR,MLP,Max_PM25_EWMA,31.0,33.54,9.65
220,2023-03-26 18:00:00,COR,MLP,Max_PM25_EWMA,30.0,35.54,9.65
221,2023-03-27 06:00:00,COR,MLP,Max_PM25_EWMA,53.0,33.48,9.65
222,2023-03-27 18:00:00,COR,MLP,Max_PM25_EWMA,33.0,35.41,9.65
223,2023-03-28 06:00:00,COR,MLP,Max_PM25_EWMA,45.0,36.07,9.65
224,2023-03-28 18:00:00,COR,MLP,Max_PM25_EWMA,45.0,23.62,9.65
225,2023-03-29 06:00:00,COR,MLP,Max_PM25_EWMA,28.0,35.86,9.65
226,2023-03-29 18:00:00,COR,MLP,Max_PM25_EWMA,32.0,32.35,9.65
227,2023-03-30 06:00:00,COR,MLP,Max_PM25_EWMA,36.0,33.04,9.65
228,2023-03-30 18:00:00,COR,MLP,Max_PM25_EWMA,44.0,30.41,9.65
229,2023-03-31 06:00:00,COR,MLP,Max_PM25_EWMA,36.0,37.08,9.65
230,2023-03-31 18:00:00,COR,MLP,Max_PM25_EWMA,37.0,36.58,9.65
231,2023-04-01 06:00:00,COR,MLP,Max_PM25_EWMA,34.0,33.26,9.65
232,2023-04-01 18:00:00,COR,MLP,Max_PM25_EWMA,41.0,25.74,9.65
233,2023-04-02 06:00:00,COR,MLP,Max_PM25_EWMA,28.0,34.96,9.65
234,2023-04-02 18:00:00,COR,MLP,Max_PM25_EWMA,41.0,35.29,9.65
235,2023-04-03 06:00:00,COR,MLP,Max_PM25_EWMA,50.0,34.86,9.65
236,2023-04-03 18:00:00,COR,MLP,Max_PM25_EWMA,36.0,35.72,9.65
237,2023-04-04 06:00:00,COR,MLP,Max_PM25_EWMA,38.0,33.64,9.65
238,2023-04-04 18:00:00,COR,MLP,Max_PM25_EWMA,40.0,34.3,9.65
239,2023-04-05 06:00:00,COR,MLP,Max_PM25_EWMA,54.0,35.33,9.65
240,2023-04-05 18:00:00,COR,MLP,Max_PM25_EWMA,40.0,32.27,9.65
241,2023-04-06 06:00:00,COR,MLP,Max_PM25_EWMA,45.0,36.87,9.65
242,2023-04-06 18:00:00,COR,MLP,Max_PM25_EWMA,48.0,32.08,9.65
243,2023-04-07 06:00:00,COR,MLP,Max_PM25_EWMA,12.0,33.85,9.65
244,2023-04-07 18:00:00,COR,MLP,Max_PM25_EWMA,22.0,26.83,9.65
245,2023-04-08 06:00:00,COR,MLP,Max_PM25_EWMA,19.0,20.87,9.65
246,2023-04-08 18:00:00,COR,MLP,Max_PM25_EWMA,18.0,26.54,9.65
247,2023-04-09 06:00:00,COR,MLP,Max_PM25_EWMA,14.0,20.78,9.65
248,2023-04-09 18:00:00,COR,MLP,Max_PM25_EWMA,19.0,14.19,9.65
249,2023-04-10 06:00:00,COR,MLP,Max_PM25_EWMA,19.0,15.31,9.65
250,2023-04-10 18:00:00,COR,MLP,Max_PM25_EWMA,21.0,14.83,9.65
251,2023-04-11 06:00:00,COR,MLP,Max_PM25_EWMA,7.0,17.33,9.65
252,2023-03-11 06:00:00,COR,SVM,Min_PM25_EWMA,16.0,13.66,4.72
253,2023-03-11 18:00:00,COR,SVM,Min_PM25_EWMA,16.0,10.06,4.72
254,2023-03-12 06:00:00,COR,SVM,Min_PM25_EWMA,6.0,13.18,4.72
255,2023-03-12 18:00:00,COR,SVM,Min_PM25_EWMA,11.0,12.01,4.72
256,2023-03-13 06:00:00,COR,SVM,Min_PM25_EWMA,10.0,10.11,4.72
257,2023-03-13 18:00:00,COR,SVM,Min_PM25_EWMA,12.0,7.81,4.72
258,2023-03-14 06:00:00,COR,SVM,Min_PM25_EWMA,12.0,9.65,4.72
259,2023-03-14 18:00:00,COR,SVM,Min_PM25_EWMA,14.0,8.04,4.72
260,2023-03-15 06:00:00,COR,SVM,Min_PM25_EWMA,11.0,6.97,4.72
261,2023-03-15 18:00:00,COR,SVM,Min_PM25_EWMA,9.0,8.47,4.72
262,2023-03-16 06:00:00,COR,SVM,Min_PM25_EWMA,5.0,14.89,4.72
263,2023-03-16 18:00:00,COR,SVM,Min_PM25_EWMA,7.0,8.73,4.72
264,2023-03-17 06:00:00,COR,SVM,Min_PM25_EWMA,7.0,7.75,4.72
265,2023-03-17 18:00:00,COR,SVM,Min_PM25_EWMA,10.0,7.85,4.72
266,2023-03-18 06:00:00,COR,SVM,Min_PM25_EWMA,6.0,7.0,4.72
267,2023-03-18 18:00:00,COR,SVM,Min_PM25_EWMA,10.0,6.93,4.72
268,2023-03-19 06:00:00,COR,SVM,Min_PM25_EWMA,7.0,6.11,4.72
269,2023-03-19 18:00:00,COR,SVM,Min_PM25_EWMA,3.0,5.86,4.72
270,2023-03-20 06:00:00,COR,SVM,Min_PM25_EWMA,3.0,7.48,4.72
271,2023-03-20 18:00:00,COR,SVM,Min_PM25_EWMA,11.0,7.58,4.72
272,2023-03-21 06:00:00,COR,SVM,Min_PM25_EWMA,9.0,7.31,4.72
273,2023-03-21 18:00:00,COR,SVM,Min_PM25_EWMA,3.0,10.22,4.72
274,2023-03-22 06:00:00,COR,SVM,Min_PM25_EWMA,12.0,10.07,4.72
275,2023-03-22 18:00:00,COR,SVM,Min_PM25_EWMA,10.0,9.3,4.72
276,2023-03-23 06:00:00,COR,SVM,Min_PM25_EWMA,14.0,10.52,4.72
277,2023-03-23 18:00:00,COR,SVM,Min_PM25_EWMA,16.0,11.38,4.72
278,2023-03-24 06:00:00,COR,SVM,Min_PM25_EWMA,13.0,11.4,4.72
279,2023-03-24 18:00:00,COR,SVM,Min_PM25_EWMA,10.0,12.61,4.72
280,2023-03-25 06:00:00,COR,SVM,Min_PM25_EWMA,11.0,11.57,4.72
281,2023-03-25 18:00:00,COR,SVM,Min_PM25_EWMA,14.0,12.37,4.72
282,2023-03-26 06:00:00,COR,SVM,Min_PM25_EWMA,19.0,8.89,4.72
283,2023-03-26 18:00:00,COR,SVM,Min_PM25_EWMA,21.0,13.95,4.72
284,2023-03-27 06:00:00,COR,SVM,Min_PM25_EWMA,9.0,10.22,4.72
285,2023-03-27 18:00:00,COR,SVM,Min_PM25_EWMA,9.0,15.3,4.72
286,2023-03-28 06:00:00,COR,SVM,Min_PM25_EWMA,27.0,11.66,4.72
287,2023-03-28 18:00:00,COR,SVM,Min_PM25_EWMA,21.0,10.67,4.72
288,2023-03-29 06:00:00,COR,SVM,Min_PM25_EWMA,19.0,13.67,4.72
289,2023-03-29 18:00:00,COR,SVM,Min_PM25_EWMA,13.0,11.63,4.72
290,2023-03-30 06:00:00,COR,SVM,Min_PM25_EWMA,18.0,12.54,4.72
291,2023-03-30 18:00:00,COR,SVM,Min_PM25_EWMA,24.0,10.73,4.72
292,2023-03-31 06:00:00,COR,SVM,Min_PM25_EWMA,11.0,15.33,4.72
293,2023-03-31 18:00:00,COR,SVM,Min_PM25_EWMA,21.0,14.87,4.72
294,2023-04-01 06:00:00,COR,SVM,Min_PM25_EWMA,22.0,11.36,4.72
295,2023-04-01 18:00:00,COR,SVM,Min_PM25_EWMA,22.0,10.27,4.72
296,2023-04-02 06:00:00,COR,SVM,Min_PM25_EWMA,18.0,15.69,4.72
297,2023-04-02 18:00:00,COR,SVM,Min_PM25_EWMA,22.0,14.09,4.72
298,2023-04-03 06:00:00,COR,SVM,Min_PM25_EWMA,11.0,13.93,4.72
299,2023-04-03 18:00:00,COR,SVM,Min_PM25_EWMA,16.0,15.92,4.72
300,2023-04-04 06:00:00,COR,SVM,Min_PM25_EWMA,21.0,11.83,4.72
301,2023-04-04 18:00:00,COR,SVM,Min_PM25_EWMA,23.0,14.55,4.72
302,2023-04-05 06:00:00,COR,SVM,Min_PM25_EWMA,25.0,13.93,4.72
303,2023-04-05 18:00:00,COR,SVM,Min_PM25_EWMA,28.0,11.65,4.72
304,2023-04-06 06:00:00,COR,SVM,Min_PM25_EWMA,28.0,17.06,4.72
305,2023-04-06 18:00:00,COR,SVM,Min_PM25_EWMA,9.0,14.6,4.72
306,2023-04-07 06:00:00,COR,SVM,Min_PM25_EWMA,6.0,14.85,4.72
307,2023-04-07 18:00:00,COR,SVM,Min_PM25_EWMA,9.0,9.39,4.72
308,2023-04-08 06:00:00,COR,SVM,Min_PM25_EWMA,6.0,8.76,4.72
309,2023-04-08 18:00:00,COR,SVM,Min_PM25_EWMA,7.0,10.21,4.72
310,2023-04-09 06:00:00,COR,SVM,Min_PM25_EWMA,5.0,8.27,4.72
311,2023-04-09 18:00:00,COR,SVM,Min_PM25_EWMA,5.0,6.01,4.72
312,2023-04-10 06:00:00,COR,SVM,Min_PM25_EWMA,5.0,6.3,4.72
313,2023-04-10 18:00:00,COR,SVM,Min_PM25_EWMA,6.0,6.08,4.72
314,2023-04-11 06:00:00,COR,SVM,Min_PM25_EWMA,3.0,6.32,4.72
315,2023-03-11 06:00:00,COR,SVM,Mean_PM25_EWMA,29.0,21.22,5.87
316,2023-03-11 18:00:00,COR,SVM,Mean_PM25_EWMA,27.0,20.41,5.87
317,2023-03-12 06:00:00,COR,SVM,Mean_PM25_EWMA,17.0,26.5,5.87
318,2023-03-12 18:00:00,COR,SVM,Mean_PM25_EWMA,18.0,22.72,5.87
319,2023-03-13 06:00:00,COR,SVM,Mean_PM25_EWMA,15.0,21.88,5.87
320,2023-03-13 18:00:00,COR,SVM,Mean_PM25_EWMA,19.0,13.63,5.87
321,2023-03-14 06:00:00,COR,SVM,Mean_PM25_EWMA,19.0,16.66,5.87
322,2023-03-14 18:00:00,COR,SVM,Mean_PM25_EWMA,18.0,14.78,5.87
323,2023-03-15 06:00:00,COR,SVM,Mean_PM25_EWMA,52.0,13.15,5.87
324,2023-03-15 18:00:00,COR,SVM,Mean_PM25_EWMA,34.0,14.12,5.87
325,2023-03-16 06:00:00,COR,SVM,Mean_PM25_EWMA,12.0,32.44,5.87
326,2023-03-16 18:00:00,COR,SVM,Mean_PM25_EWMA,10.0,19.72,5.87
327,2023-03-17 06:00:00,COR,SVM,Mean_PM25_EWMA,14.0,14.72,5.87
328,2023-03-17 18:00:00,COR,SVM,Mean_PM25_EWMA,18.0,13.96,5.87
329,2023-03-18 06:00:00,COR,SVM,Mean_PM25_EWMA,16.0,14.47,5.87
330,2023-03-18 18:00:00,COR,SVM,Mean_PM25_EWMA,14.0,12.19,5.87
331,2023-03-19 06:00:00,COR,SVM,Mean_PM25_EWMA,11.0,13.25,5.87
332,2023-03-19 18:00:00,COR,SVM,Mean_PM25_EWMA,7.0,9.62,5.87
333,2023-03-20 06:00:00,COR,SVM,Mean_PM25_EWMA,6.0,13.64,5.87
334,2023-03-20 18:00:00,COR,SVM,Mean_PM25_EWMA,14.0,14.76,5.87
335,2023-03-21 06:00:00,COR,SVM,Mean_PM25_EWMA,17.0,14.44,5.87
336,2023-03-21 18:00:00,COR,SVM,Mean_PM25_EWMA,18.0,19.96,5.87
337,2023-03-22 06:00:00,COR,SVM,Mean_PM25_EWMA,23.0,22.82,5.87
338,2023-03-22 18:00:00,COR,SVM,Mean_PM25_EWMA,18.0,20.24,5.87
339,2023-03-23 06:00:00,COR,SVM,Mean_PM25_EWMA,28.0,21.44,5.87
340,2023-03-23 18:00:00,COR,SVM,Mean_PM25_EWMA,23.0,21.6,5.87
341,2023-03-24 06:00:00,COR,SVM,Mean_PM25_EWMA,24.0,23.52,5.87
342,2023-03-24 18:00:00,COR,SVM,Mean_PM25_EWMA,23.0,25.69,5.87
343,2023-03-25 06:00:00,COR,SVM,Mean_PM25_EWMA,20.0,24.25,5.87
344,2023-03-25 18:00:00,COR,SVM,Mean_PM25_EWMA,28.0,26.67,5.87
345,2023-03-26 06:00:00,COR,SVM,Mean_PM25_EWMA,26.0,19.79,5.87
346,2023-03-26 18:00:00,COR,SVM,Mean_PM25_EWMA,25.0,28.58,5.87
347,2023-03-27 06:00:00,COR,SVM,Mean_PM25_EWMA,31.0,21.73,5.87
348,2023-03-27 18:00:00,COR,SVM,Mean_PM25_EWMA,25.0,25.1,5.87
349,2023-03-28 06:00:00,COR,SVM,Mean_PM25_EWMA,33.0,28.58,5.87
350,2023-03-28 18:00:00,COR,SVM,Mean_PM25_EWMA,29.0,20.29,5.87
351,2023-03-29 06:00:00,COR,SVM,Mean_PM25_EWMA,24.0,24.75,5.87
352,2023-03-29 18:00:00,COR,SVM,Mean_PM25_EWMA,22.0,20.03,5.87
353,2023-03-30 06:00:00,COR,SVM,Mean_PM25_EWMA,28.0,23.13,5.87
354,2023-03-30 18:00:00,COR,SVM,Mean_PM25_EWMA,33.0,20.03,5.87
355,2023-03-31 06:00:00,COR,SVM,Mean_PM25_EWMA,23.0,30.68,5.87
356,2023-03-31 18:00:00,COR,SVM,Mean_PM25_EWMA,26.0,29.3,5.87
357,2023-04-01 06:00:00,COR,SVM,Mean_PM25_EWMA,27.0,23.7,5.87
358,2023-04-01 18:00:00,COR,SVM,Mean_PM25_EWMA,30.0,16.51,5.87
359,2023-04-02 06:00:00,COR,SVM,Mean_PM25_EWMA,24.0,25.03,5.87
360,2023-04-02 18:00:00,COR,SVM,Mean_PM25_EWMA,31.0,25.5,5.87
361,2023-04-03 06:00:00,COR,SVM,Mean_PM25_EWMA,32.0,24.98,5.87
362,2023-04-03 18:00:00,COR,SVM,Mean_PM25_EWMA,30.0,26.91,5.87
363,2023-04-04 06:00:00,COR,SVM,Mean_PM25_EWMA,30.0,24.43,5.87
364,2023-04-04 18:00:00,COR,SVM,Mean_PM25_EWMA,29.0,26.32,5.87
365,2023-04-05 06:00:00,COR,SVM,Mean_PM25_EWMA,39.0,24.44,5.87
366,2023-04-05 18:00:00,COR,SVM,Mean_PM25_EWMA,34.0,20.65,5.87
367,2023-04-06 06:00:00,COR,SVM,Mean_PM25_EWMA,35.0,31.35,5.87
368,2023-04-06 18:00:00,COR,SVM,Mean_PM25_EWMA,27.0,20.13,5.87
369,2023-04-07 06:00:00,COR,SVM,Mean_PM25_EWMA,10.0,23.99,5.87
370,2023-04-07 18:00:00,COR,SVM,Mean_PM25_EWMA,16.0,17.57,5.87
371,2023-04-08 06:00:00,COR,SVM,Mean_PM25_EWMA,11.0,16.23,5.87
372,2023-04-08 18:00:00,COR,SVM,Mean_PM25_EWMA,13.0,17.13,5.87
373,2023-04-09 06:00:00,COR,SVM,Mean_PM25_EWMA,10.0,14.45,5.87
374,2023-04-09 18:00:00,COR,SVM,Mean_PM25_EWMA,11.0,12.44,5.87
375,2023-04-10 06:00:00,COR,SVM,Mean_PM25_EWMA,9.0,13.17,5.87
376,2023-04-10 18:00:00,COR,SVM,Mean_PM25_EWMA,14.0,10.73,5.87
377,2023-04-11 06:00:00,COR,SVM,Mean_PM25_EWMA,5.0,12.56,5.87
378,2023-03-11 06:00:00,EPG,SVM,Max_PM25_EWMA,27.0,29.05,6.33
379,2023-03-11 18:00:00,EPG,SVM,Max_PM25_EWMA,36.0,29.91,6.33
380,2023-03-12 06:00:00,EPG,SVM,Max_PM25_EWMA,26.0,31.68,6.33
381,2023-03-12 18:00:00,EPG,SVM,Max_PM25_EWMA,32.0,33.05,6.33
382,2023-03-13 06:00:00,EPG,SVM,Max_PM25_EWMA,29.0,31.33,6.33
383,2023-03-13 18:00:00,EPG,SVM,Max_PM25_EWMA,29.0,23.02,6.33
384,2023-03-14 06:00:00,EPG,SVM,Max_PM25_EWMA,22.0,29.19,6.33
385,2023-03-14 18:00:00,EPG,SVM,Max_PM25_EWMA,38.0,19.0,6.33
386,2023-03-15 06:00:00,EPG,SVM,Max_PM25_EWMA,19.0,16.54,6.33
387,2023-03-15 18:00:00,EPG,SVM,Max_PM25_EWMA,17.0,24.58,6.33
388,2023-03-16 06:00:00,EPG,SVM,Max_PM25_EWMA,16.0,21.76,6.33
389,2023-03-16 18:00:00,EPG,SVM,Max_PM25_EWMA,29.0,22.4,6.33
390,2023-03-17 06:00:00,EPG,SVM,Max_PM25_EWMA,23.0,21.7,6.33
391,2023-03-17 18:00:00,EPG,SVM,Max_PM25_EWMA,30.0,25.57,6.33
392,2023-03-18 06:00:00,EPG,SVM,Max_PM25_EWMA,28.0,21.22,6.33
393,2023-03-18 18:00:00,EPG,SVM,Max_PM25_EWMA,20.0,17.61,6.33
394,2023-03-19 06:00:00,EPG,SVM,Max_PM25_EWMA,12.0,16.18,6.33
395,2023-03-19 18:00:00,EPG,SVM,Max_PM25_EWMA,15.0,15.17,6.33
396,2023-03-20 06:00:00,EPG,SVM,Max_PM25_EWMA,10.0,18.9,6.33
397,2023-03-20 18:00:00,EPG,SVM,Max_PM25_EWMA,24.0,22.67,6.33
398,2023-03-21 06:00:00,EPG,SVM,Max_PM25_EWMA,23.0,21.82,6.33
399,2023-03-21 18:00:00,EPG,SVM,Max_PM25_EWMA,24.0,31.53,6.33
400,2023-03-22 06:00:00,EPG,SVM,Max_PM25_EWMA,30.0,27.74,6.33
401,2023-03-22 18:00:00,EPG,SVM,Max_PM25_EWMA,21.0,25.55,6.33
402,2023-03-23 06:00:00,EPG,SVM,Max_PM25_EWMA,32.0,29.64,6.33
403,2023-03-23 18:00:00,EPG,SVM,Max_PM25_EWMA,32.0,33.93,6.33
404,2023-03-24 06:00:00,EPG,SVM,Max_PM25_EWMA,24.0,28.73,6.33
405,2023-03-24 18:00:00,EPG,SVM,Max_PM25_EWMA,31.0,38.6,6.33
406,2023-03-25 06:00:00,EPG,SVM,Max_PM25_EWMA,32.0,28.2,6.33
407,2023-03-25 18:00:00,EPG,SVM,Max_PM25_EWMA,36.0,38.89,6.33
408,2023-03-26 06:00:00,EPG,SVM,Max_PM25_EWMA,23.0,28.13,6.33
409,2023-03-26 18:00:00,EPG,SVM,Max_PM25_EWMA,31.0,37.54,6.33
410,2023-03-27 06:00:00,EPG,SVM,Max_PM25_EWMA,34.0,18.78,6.33
411,2023-03-27 18:00:00,EPG,SVM,Max_PM25_EWMA,34.0,38.04,6.33
412,2023-03-28 06:00:00,EPG,SVM,Max_PM25_EWMA,42.0,30.43,6.33
413,2023-03-28 18:00:00,EPG,SVM,Max_PM25_EWMA,40.0,27.83,6.33
414,2023-03-29 06:00:00,EPG,SVM,Max_PM25_EWMA,29.0,30.68,6.33
415,2023-03-29 18:00:00,EPG,SVM,Max_PM25_EWMA,27.0,28.5,6.33
416,2023-03-30 06:00:00,EPG,SVM,Max_PM25_EWMA,23.0,33.38,6.33
417,2023-03-30 18:00:00,EPG,SVM,Max_PM25_EWMA,43.0,25.51,6.33
418,2023-03-31 06:00:00,EPG,SVM,Max_PM25_EWMA,35.0,33.74,6.33
419,2023-03-31 18:00:00,EPG,SVM,Max_PM25_EWMA,32.0,38.54,6.33
420,2023-04-01 06:00:00,EPG,SVM,Max_PM25_EWMA,29.0,32.67,6.33
421,2023-04-01 18:00:00,EPG,SVM,Max_PM25_EWMA,38.0,24.33,6.33
422,2023-04-02 06:00:00,EPG,SVM,Max_PM25_EWMA,59.0,33.55,6.33
423,2023-04-02 18:00:00,EPG,SVM,Max_PM25_EWMA,36.0,37.17,6.33
424,2023-04-03 06:00:00,EPG,SVM,Max_PM25_EWMA,33.0,39.0,6.33
425,2023-04-03 18:00:00,EPG,SVM,Max_PM25_EWMA,42.0,38.81,6.33
426,2023-04-04 06:00:00,EPG,SVM,Max_PM25_EWMA,33.0,26.73,6.33
427,2023-04-04 18:00:00,EPG,SVM,Max_PM25_EWMA,39.0,44.55,6.33
428,2023-04-05 06:00:00,EPG,SVM,Max_PM25_EWMA,42.0,29.78,6.33
429,2023-04-05 18:00:00,EPG,SVM,Max_PM25_EWMA,40.0,31.67,6.33
430,2023-04-06 06:00:00,EPG,SVM,Max_PM25_EWMA,44.0,34.71,6.33
431,2023-04-06 18:00:00,EPG,SVM,Max_PM25_EWMA,60.0,27.0,6.33
432,2023-04-07 06:00:00,EPG,SVM,Max_PM25_EWMA,15.0,26.15,6.33
433,2023-04-07 18:00:00,EPG,SVM,Max_PM25_EWMA,23.0,23.2,6.33
434,2023-04-08 06:00:00,EPG,SVM,Max_PM25_EWMA,18.0,21.49,6.33
435,2023-04-08 18:00:00,EPG,SVM,Max_PM25_EWMA,26.0,25.22,6.33
436,2023-04-09 06:00:00,EPG,SVM,Max_PM25_EWMA,21.0,22.5,6.33
437,2023-04-09 18:00:00,EPG,SVM,Max_PM25_EWMA,21.0,17.95,6.33
438,2023-04-10 06:00:00,EPG,SVM,Max_PM25_EWMA,13.0,18.06,6.33
439,2023-04-10 18:00:00,EPG,SVM,Max_PM25_EWMA,14.0,15.99,6.33
440,2023-04-11 06:00:00,EPG,SVM,Max_PM25_EWMA,8.0,17.85,6.33
441,2023-03-11 06:00:00,EPG,OLS,Min_PM25_EWMA,16.0,9.63,4.05
442,2023-03-11 18:00:00,EPG,OLS,Min_PM25_EWMA,22.0,12.85,4.05
443,2023-03-12 06:00:00,EPG,OLS,Min_PM25_EWMA,12.0,12.96,4.05
444,2023-03-12 18:00:00,EPG,OLS,Min_PM25_EWMA,16.0,13.84,4.05
445,2023-03-13 06:00:00,EPG,OLS,Min_PM25_EWMA,11.0,12.09,4.05
446,2023-03-13 18:00:00,EPG,OLS,Min_PM25_EWMA,14.0,11.41,4.05
447,2023-03-14 06:00:00,EPG,OLS,Min_PM25_EWMA,13.0,11.62,4.05
448,2023-03-14 18:00:00,EPG,OLS,Min_PM25_EWMA,15.0,9.76,4.05
449,2023-03-15 06:00:00,EPG,OLS,Min_PM25_EWMA,11.0,8.94,4.05
450,2023-03-15 18:00:00,EPG,OLS,Min_PM25_EWMA,10.0,11.06,4.05
451,2023-03-16 06:00:00,EPG,OLS,Min_PM25_EWMA,5.0,9.53,4.05
452,2023-03-16 18:00:00,EPG,OLS,Min_PM25_EWMA,9.0,9.69,4.05
453,2023-03-17 06:00:00,EPG,OLS,Min_PM25_EWMA,9.0,8.09,4.05
454,2023-03-17 18:00:00,EPG,OLS,Min_PM25_EWMA,10.0,10.41,4.05
455,2023-03-18 06:00:00,EPG,OLS,Min_PM25_EWMA,11.0,9.65,4.05
456,2023-03-18 18:00:00,EPG,OLS,Min_PM25_EWMA,11.0,8.84,4.05
457,2023-03-19 06:00:00,EPG,OLS,Min_PM25_EWMA,6.0,8.77,4.05
458,2023-03-19 18:00:00,EPG,OLS,Min_PM25_EWMA,4.0,8.79,4.05
459,2023-03-20 06:00:00,EPG,OLS,Min_PM25_EWMA,5.0,8.88,4.05
460,2023-03-20 18:00:00,EPG,OLS,Min_PM25_EWMA,11.0,9.62,4.05
461,2023-03-21 06:00:00,EPG,OLS,Min_PM25_EWMA,3.0,9.14,4.05
462,2023-03-21 18:00:00,EPG,OLS,Min_PM25_EWMA,8.0,12.33,4.05
463,2023-03-22 06:00:00,EPG,OLS,Min_PM25_EWMA,8.0,9.4,4.05
464,2023-03-22 18:00:00,EPG,OLS,Min_PM25_EWMA,14.0,10.53,4.05
465,2023-03-23 06:00:00,EPG,OLS,Min_PM25_EWMA,15.0,9.77,4.05
466,2023-03-23 18:00:00,EPG,OLS,Min_PM25_EWMA,19.0,12.58,4.05
467,2023-03-24 06:00:00,EPG,OLS,Min_PM25_EWMA,9.0,10.54,4.05
468,2023-03-24 18:00:00,EPG,OLS,Min_PM25_EWMA,13.0,14.03,4.05
469,2023-03-25 06:00:00,EPG,OLS,Min_PM25_EWMA,12.0,9.34,4.05
470,2023-03-25 18:00:00,EPG,OLS,Min_PM25_EWMA,18.0,12.84,4.05
471,2023-03-26 06:00:00,EPG,OLS,Min_PM25_EWMA,8.0,9.26,4.05
472,2023-03-26 18:00:00,EPG,OLS,Min_PM25_EWMA,14.0,13.53,4.05
473,2023-03-27 06:00:00,EPG,OLS,Min_PM25_EWMA,15.0,8.01,4.05
474,2023-03-27 18:00:00,EPG,OLS,Min_PM25_EWMA,13.0,12.89,4.05
475,2023-03-28 06:00:00,EPG,OLS,Min_PM25_EWMA,17.0,11.84,4.05
476,2023-03-28 18:00:00,EPG,OLS,Min_PM25_EWMA,22.0,11.77,4.05
477,2023-03-29 06:00:00,EPG,OLS,Min_PM25_EWMA,21.0,12.77,4.05
478,2023-03-29 18:00:00,EPG,OLS,Min_PM25_EWMA,9.0,14.06,4.05
479,2023-03-30 06:00:00,EPG,OLS,Min_PM25_EWMA,13.0,14.23,4.05
480,2023-03-30 18:00:00,EPG,OLS,Min_PM25_EWMA,24.0,9.42,4.05
481,2023-03-31 06:00:00,EPG,OLS,Min_PM25_EWMA,11.0,11.97,4.05
482,2023-03-31 18:00:00,EPG,OLS,Min_PM25_EWMA,21.0,15.97,4.05
483,2023-04-01 06:00:00,EPG,OLS,Min_PM25_EWMA,9.0,12.28,4.05
484,2023-04-01 18:00:00,EPG,OLS,Min_PM25_EWMA,22.0,13.19,4.05
485,2023-04-02 06:00:00,EPG,OLS,Min_PM25_EWMA,9.0,11.88,4.05
486,2023-04-02 18:00:00,EPG,OLS,Min_PM25_EWMA,22.0,16.46,4.05
487,2023-04-03 06:00:00,EPG,OLS,Min_PM25_EWMA,7.0,11.57,4.05
488,2023-04-03 18:00:00,EPG,OLS,Min_PM25_EWMA,23.0,15.8,4.05
489,2023-04-04 06:00:00,EPG,OLS,Min_PM25_EWMA,13.0,8.47,4.05
490,2023-04-04 18:00:00,EPG,OLS,Min_PM25_EWMA,25.0,15.21,4.05
491,2023-04-05 06:00:00,EPG,OLS,Min_PM25_EWMA,16.0,10.03,4.05
492,2023-04-05 18:00:00,EPG,OLS,Min_PM25_EWMA,24.0,15.01,4.05
493,2023-04-06 06:00:00,EPG,OLS,Min_PM25_EWMA,14.0,13.31,4.05
494,2023-04-06 18:00:00,EPG,OLS,Min_PM25_EWMA,9.0,14.39,4.05
495,2023-04-07 06:00:00,EPG,OLS,Min_PM25_EWMA,4.0,11.25,4.05
496,2023-04-07 18:00:00,EPG,OLS,Min_PM25_EWMA,13.0,9.57,4.05
497,2023-04-08 06:00:00,EPG,OLS,Min_PM25_EWMA,5.0,9.57,4.05
498,2023-04-08 18:00:00,EPG,OLS,Min_PM25_EWMA,11.0,12.94,4.05
499,2023-04-09 06:00:00,EPG,OLS,Min_PM25_EWMA,10.0,9.63,4.05
500,2023-04-09 18:00:00,EPG,OLS,Min_PM25_EWMA,4.0,9.12,4.05
501,2023-04-10 06:00:00,EPG,OLS,Min_PM25_EWMA,5.0,9.03,4.05
502,2023-04-10 18:00:00,EPG,OLS,Min_PM25_EWMA,4.0,8.32,4.05
503,2023-04-11 06:00:00,EPG,OLS,Min_PM25_EWMA,4.0,9.12,4.05
504,2023-03-11 06:00:00,EPG,SVM,Mean_PM25_EWMA,23.0,18.65,4.13
505,2023-03-11 18:00:00,EPG,SVM,Mean_PM25_EWMA,27.0,21.4,4.13
506,2023-03-12 06:00:00,EPG,SVM,Mean_PM25_EWMA,19.0,22.36,4.13
507,2023-03-12 18:00:00,EPG,SVM,Mean_PM25_EWMA,23.0,23.92,4.13
508,2023-03-13 06:00:00,EPG,SVM,Mean_PM25_EWMA,20.0,22.3,4.13
509,2023-03-13 18:00:00,EPG,SVM,Mean_PM25_EWMA,19.0,16.35,4.13
510,2023-03-14 06:00:00,EPG,SVM,Mean_PM25_EWMA,16.0,20.19,4.13
511,2023-03-14 18:00:00,EPG,SVM,Mean_PM25_EWMA,26.0,13.02,4.13
512,2023-03-15 06:00:00,EPG,SVM,Mean_PM25_EWMA,14.0,11.11,4.13
513,2023-03-15 18:00:00,EPG,SVM,Mean_PM25_EWMA,13.0,17.06,4.13
514,2023-03-16 06:00:00,EPG,SVM,Mean_PM25_EWMA,11.0,14.68,4.13
515,2023-03-16 18:00:00,EPG,SVM,Mean_PM25_EWMA,19.0,15.35,4.13
516,2023-03-17 06:00:00,EPG,SVM,Mean_PM25_EWMA,17.0,13.72,4.13
517,2023-03-17 18:00:00,EPG,SVM,Mean_PM25_EWMA,20.0,17.16,4.13
518,2023-03-18 06:00:00,EPG,SVM,Mean_PM25_EWMA,17.0,14.18,4.13
519,2023-03-18 18:00:00,EPG,SVM,Mean_PM25_EWMA,16.0,11.6,4.13
520,2023-03-19 06:00:00,EPG,SVM,Mean_PM25_EWMA,9.0,10.57,4.13
521,2023-03-19 18:00:00,EPG,SVM,Mean_PM25_EWMA,10.0,10.31,4.13
522,2023-03-20 06:00:00,EPG,SVM,Mean_PM25_EWMA,7.0,12.73,4.13
523,2023-03-20 18:00:00,EPG,SVM,Mean_PM25_EWMA,18.0,15.72,4.13
524,2023-03-21 06:00:00,EPG,SVM,Mean_PM25_EWMA,14.0,15.07,4.13
525,2023-03-21 18:00:00,EPG,SVM,Mean_PM25_EWMA,16.0,23.45,4.13
526,2023-03-22 06:00:00,EPG,SVM,Mean_PM25_EWMA,19.0,18.81,4.13
527,2023-03-22 18:00:00,EPG,SVM,Mean_PM25_EWMA,19.0,17.89,4.13
528,2023-03-23 06:00:00,EPG,SVM,Mean_PM25_EWMA,22.0,18.87,4.13
529,2023-03-23 18:00:00,EPG,SVM,Mean_PM25_EWMA,24.0,23.41,4.13
530,2023-03-24 06:00:00,EPG,SVM,Mean_PM25_EWMA,16.0,19.22,4.13
531,2023-03-24 18:00:00,EPG,SVM,Mean_PM25_EWMA,25.0,27.9,4.13
532,2023-03-25 06:00:00,EPG,SVM,Mean_PM25_EWMA,22.0,18.7,4.13
533,2023-03-25 18:00:00,EPG,SVM,Mean_PM25_EWMA,27.0,25.89,4.13
534,2023-03-26 06:00:00,EPG,SVM,Mean_PM25_EWMA,15.0,17.5,4.13
535,2023-03-26 18:00:00,EPG,SVM,Mean_PM25_EWMA,23.0,26.74,4.13
536,2023-03-27 06:00:00,EPG,SVM,Mean_PM25_EWMA,24.0,12.01,4.13
537,2023-03-27 18:00:00,EPG,SVM,Mean_PM25_EWMA,26.0,26.42,4.13
538,2023-03-28 06:00:00,EPG,SVM,Mean_PM25_EWMA,29.0,21.18,4.13
539,2023-03-28 18:00:00,EPG,SVM,Mean_PM25_EWMA,28.0,18.8,4.13
540,2023-03-29 06:00:00,EPG,SVM,Mean_PM25_EWMA,26.0,21.26,4.13
541,2023-03-29 18:00:00,EPG,SVM,Mean_PM25_EWMA,17.0,21.03,4.13
542,2023-03-30 06:00:00,EPG,SVM,Mean_PM25_EWMA,18.0,23.1,4.13
543,2023-03-30 18:00:00,EPG,SVM,Mean_PM25_EWMA,32.0,16.38,4.13
544,2023-03-31 06:00:00,EPG,SVM,Mean_PM25_EWMA,24.0,23.02,4.13
545,2023-03-31 18:00:00,EPG,SVM,Mean_PM25_EWMA,26.0,28.51,4.13
546,2023-04-01 06:00:00,EPG,SVM,Mean_PM25_EWMA,21.0,22.65,4.13
547,2023-04-01 18:00:00,EPG,SVM,Mean_PM25_EWMA,30.0,17.84,4.13
548,2023-04-02 06:00:00,EPG,SVM,Mean_PM25_EWMA,29.0,22.32,4.13
549,2023-04-02 18:00:00,EPG,SVM,Mean_PM25_EWMA,28.0,27.97,4.13
550,2023-04-03 06:00:00,EPG,SVM,Mean_PM25_EWMA,22.0,26.03,4.13
551,2023-04-03 18:00:00,EPG,SVM,Mean_PM25_EWMA,35.0,28.25,4.13
552,2023-04-04 06:00:00,EPG,SVM,Mean_PM25_EWMA,23.0,15.84,4.13
553,2023-04-04 18:00:00,EPG,SVM,Mean_PM25_EWMA,32.0,29.48,4.13
554,2023-04-05 06:00:00,EPG,SVM,Mean_PM25_EWMA,30.0,19.45,4.13
555,2023-04-05 18:00:00,EPG,SVM,Mean_PM25_EWMA,30.0,23.58,4.13
556,2023-04-06 06:00:00,EPG,SVM,Mean_PM25_EWMA,27.0,23.88,4.13
557,2023-04-06 18:00:00,EPG,SVM,Mean_PM25_EWMA,27.0,20.24,4.13
558,2023-04-07 06:00:00,EPG,SVM,Mean_PM25_EWMA,9.0,17.84,4.13
559,2023-04-07 18:00:00,EPG,SVM,Mean_PM25_EWMA,16.0,16.09,4.13
560,2023-04-08 06:00:00,EPG,SVM,Mean_PM25_EWMA,12.0,14.75,4.13
561,2023-04-08 18:00:00,EPG,SVM,Mean_PM25_EWMA,18.0,19.69,4.13
562,2023-04-09 06:00:00,EPG,SVM,Mean_PM25_EWMA,13.0,15.05,4.13
563,2023-04-09 18:00:00,EPG,SVM,Mean_PM25_EWMA,12.0,11.43,4.13
564,2023-04-10 06:00:00,EPG,SVM,Mean_PM25_EWMA,9.0,11.76,4.13
565,2023-04-10 18:00:00,EPG,SVM,Mean_PM25_EWMA,10.0,10.35,4.13
566,2023-04-11 06:00:00,EPG,SVM,Mean_PM25_EWMA,6.0,12.44,4.13
567,2023-03-11 06:00:00,FEO,SVM,Max_PM25_EWMA,30.0,28.36,6.58
568,2023-03-11 18:00:00,FEO,SVM,Max_PM25_EWMA,32.0,35.53,6.58
569,2023-03-12 06:00:00,FEO,SVM,Max_PM25_EWMA,23.0,30.48,6.58
570,2023-03-12 18:00:00,FEO,SVM,Max_PM25_EWMA,37.0,33.73,6.58
571,2023-03-13 06:00:00,FEO,SVM,Max_PM25_EWMA,24.0,29.02,6.58
572,2023-03-13 18:00:00,FEO,SVM,Max_PM25_EWMA,32.0,30.76,6.58
573,2023-03-14 06:00:00,FEO,SVM,Max_PM25_EWMA,21.0,26.49,6.58
574,2023-03-14 18:00:00,FEO,SVM,Max_PM25_EWMA,41.0,27.87,6.58
575,2023-03-15 06:00:00,FEO,SVM,Max_PM25_EWMA,22.0,21.87,6.58
576,2023-03-15 18:00:00,FEO,SVM,Max_PM25_EWMA,25.0,33.41,6.58
577,2023-03-16 06:00:00,FEO,SVM,Max_PM25_EWMA,20.0,21.25,6.58
578,2023-03-16 18:00:00,FEO,SVM,Max_PM25_EWMA,20.0,23.04,6.58
579,2023-03-17 06:00:00,FEO,SVM,Max_PM25_EWMA,19.0,18.69,6.58
580,2023-03-17 18:00:00,FEO,SVM,Max_PM25_EWMA,25.0,22.7,6.58
581,2023-03-18 06:00:00,FEO,SVM,Max_PM25_EWMA,26.0,16.66,6.58
582,2023-03-18 18:00:00,FEO,SVM,Max_PM25_EWMA,20.0,25.44,6.58
583,2023-03-19 06:00:00,FEO,SVM,Max_PM25_EWMA,16.0,22.33,6.58
584,2023-03-19 18:00:00,FEO,SVM,Max_PM25_EWMA,25.0,21.02,6.58
585,2023-03-20 06:00:00,FEO,SVM,Max_PM25_EWMA,15.0,19.93,6.58
586,2023-03-20 18:00:00,FEO,SVM,Max_PM25_EWMA,22.0,25.38,6.58
587,2023-03-21 06:00:00,FEO,SVM,Max_PM25_EWMA,22.0,21.02,6.58
588,2023-03-21 18:00:00,FEO,SVM,Max_PM25_EWMA,25.0,26.64,6.58
589,2023-03-22 06:00:00,FEO,SVM,Max_PM25_EWMA,24.0,24.87,6.58
590,2023-03-22 18:00:00,FEO,SVM,Max_PM25_EWMA,26.0,26.71,6.58
591,2023-03-23 06:00:00,FEO,SVM,Max_PM25_EWMA,31.0,28.19,6.58
592,2023-03-23 18:00:00,FEO,SVM,Max_PM25_EWMA,33.0,28.85,6.58
593,2023-03-24 06:00:00,FEO,SVM,Max_PM25_EWMA,19.0,26.95,6.58
594,2023-03-24 18:00:00,FEO,SVM,Max_PM25_EWMA,24.0,36.63,6.58
595,2023-03-25 06:00:00,FEO,SVM,Max_PM25_EWMA,22.0,23.98,6.58
596,2023-03-25 18:00:00,FEO,SVM,Max_PM25_EWMA,38.0,31.14,6.58
597,2023-03-26 06:00:00,FEO,SVM,Max_PM25_EWMA,23.0,27.22,6.58
598,2023-03-26 18:00:00,FEO,SVM,Max_PM25_EWMA,34.0,37.61,6.58
599,2023-03-27 06:00:00,FEO,SVM,Max_PM25_EWMA,35.0,22.48,6.58
600,2023-03-27 18:00:00,FEO,SVM,Max_PM25_EWMA,39.0,33.47,6.58
601,2023-03-28 06:00:00,FEO,SVM,Max_PM25_EWMA,32.0,30.27,6.58
602,2023-03-28 18:00:00,FEO,SVM,Max_PM25_EWMA,57.0,31.17,6.58
603,2023-03-29 06:00:00,FEO,SVM,Max_PM25_EWMA,50.0,32.07,6.58
604,2023-03-29 18:00:00,FEO,SVM,Max_PM25_EWMA,38.0,40.14,6.58
605,2023-03-30 06:00:00,FEO,SVM,Max_PM25_EWMA,25.0,41.61,6.58
606,2023-03-30 18:00:00,FEO,SVM,Max_PM25_EWMA,35.0,29.66,6.58
607,2023-03-31 06:00:00,FEO,SVM,Max_PM25_EWMA,27.0,29.23,6.58
608,2023-03-31 18:00:00,FEO,SVM,Max_PM25_EWMA,35.0,37.45,6.58
609,2023-04-01 06:00:00,FEO,SVM,Max_PM25_EWMA,32.0,29.32,6.58
610,2023-04-01 18:00:00,FEO,SVM,Max_PM25_EWMA,55.0,32.08,6.58
611,2023-04-02 06:00:00,FEO,SVM,Max_PM25_EWMA,29.0,32.38,6.58
612,2023-04-02 18:00:00,FEO,SVM,Max_PM25_EWMA,32.0,40.1,6.58
613,2023-04-03 06:00:00,FEO,SVM,Max_PM25_EWMA,41.0,28.22,6.58
614,2023-04-03 18:00:00,FEO,SVM,Max_PM25_EWMA,37.0,35.86,6.58
615,2023-04-04 06:00:00,FEO,SVM,Max_PM25_EWMA,24.0,30.98,6.58
616,2023-04-04 18:00:00,FEO,SVM,Max_PM25_EWMA,35.0,33.88,6.58
617,2023-04-05 06:00:00,FEO,SVM,Max_PM25_EWMA,37.0,24.87,6.58
618,2023-04-05 18:00:00,FEO,SVM,Max_PM25_EWMA,52.0,36.25,6.58
619,2023-04-06 06:00:00,FEO,SVM,Max_PM25_EWMA,38.0,33.73,6.58
620,2023-04-06 18:00:00,FEO,SVM,Max_PM25_EWMA,58.0,36.81,6.58
621,2023-04-07 06:00:00,FEO,SVM,Max_PM25_EWMA,17.0,32.39,6.58
622,2023-04-07 18:00:00,FEO,SVM,Max_PM25_EWMA,38.0,37.28,6.58
623,2023-04-08 06:00:00,FEO,SVM,Max_PM25_EWMA,23.0,22.56,6.58
624,2023-04-08 18:00:00,FEO,SVM,Max_PM25_EWMA,35.0,36.63,6.58
625,2023-04-09 06:00:00,FEO,SVM,Max_PM25_EWMA,20.0,23.99,6.58
626,2023-04-09 18:00:00,FEO,SVM,Max_PM25_EWMA,59.0,24.8,6.58
627,2023-04-10 06:00:00,FEO,SVM,Max_PM25_EWMA,14.0,22.27,6.58
628,2023-04-10 18:00:00,FEO,SVM,Max_PM25_EWMA,32.0,32.14,6.58
629,2023-04-11 06:00:00,FEO,SVM,Max_PM25_EWMA,10.0,17.02,6.58
630,2023-03-11 06:00:00,FEO,OLS,Min_PM25_EWMA,16.0,9.92,3.98
631,2023-03-11 18:00:00,FEO,OLS,Min_PM25_EWMA,19.0,17.81,3.98
632,2023-03-12 06:00:00,FEO,OLS,Min_PM25_EWMA,13.0,13.43,3.98
633,2023-03-12 18:00:00,FEO,OLS,Min_PM25_EWMA,14.0,14.1,3.98
634,2023-03-13 06:00:00,FEO,OLS,Min_PM25_EWMA,13.0,12.67,3.98
635,2023-03-13 18:00:00,FEO,OLS,Min_PM25_EWMA,15.0,13.02,3.98
636,2023-03-14 06:00:00,FEO,OLS,Min_PM25_EWMA,15.0,10.43,3.98
637,2023-03-14 18:00:00,FEO,OLS,Min_PM25_EWMA,13.0,9.96,3.98
638,2023-03-15 06:00:00,FEO,OLS,Min_PM25_EWMA,9.0,7.71,3.98
639,2023-03-15 18:00:00,FEO,OLS,Min_PM25_EWMA,11.0,13.79,3.98
640,2023-03-16 06:00:00,FEO,OLS,Min_PM25_EWMA,3.0,6.48,3.98
641,2023-03-16 18:00:00,FEO,OLS,Min_PM25_EWMA,11.0,9.49,3.98
642,2023-03-17 06:00:00,FEO,OLS,Min_PM25_EWMA,7.0,4.5,3.98
643,2023-03-17 18:00:00,FEO,OLS,Min_PM25_EWMA,15.0,8.48,3.98
644,2023-03-18 06:00:00,FEO,OLS,Min_PM25_EWMA,13.0,6.0,3.98
645,2023-03-18 18:00:00,FEO,OLS,Min_PM25_EWMA,12.0,8.67,3.98
646,2023-03-19 06:00:00,FEO,OLS,Min_PM25_EWMA,5.0,7.49,3.98
647,2023-03-19 18:00:00,FEO,OLS,Min_PM25_EWMA,4.0,7.5,3.98
648,2023-03-20 06:00:00,FEO,OLS,Min_PM25_EWMA,4.0,5.55,3.98
649,2023-03-20 18:00:00,FEO,OLS,Min_PM25_EWMA,9.0,7.2,3.98
650,2023-03-21 06:00:00,FEO,OLS,Min_PM25_EWMA,5.0,5.87,3.98
651,2023-03-21 18:00:00,FEO,OLS,Min_PM25_EWMA,6.0,10.27,3.98
652,2023-03-22 06:00:00,FEO,OLS,Min_PM25_EWMA,12.0,8.11,3.98
653,2023-03-22 18:00:00,FEO,OLS,Min_PM25_EWMA,14.0,8.53,3.98
654,2023-03-23 06:00:00,FEO,OLS,Min_PM25_EWMA,11.0,9.71,3.98
655,2023-03-23 18:00:00,FEO,OLS,Min_PM25_EWMA,18.0,12.92,3.98
656,2023-03-24 06:00:00,FEO,OLS,Min_PM25_EWMA,10.0,9.1,3.98
657,2023-03-24 18:00:00,FEO,OLS,Min_PM25_EWMA,15.0,19.9,3.98
658,2023-03-25 06:00:00,FEO,OLS,Min_PM25_EWMA,13.0,8.22,3.98
659,2023-03-25 18:00:00,FEO,OLS,Min_PM25_EWMA,16.0,12.99,3.98
660,2023-03-26 06:00:00,FEO,OLS,Min_PM25_EWMA,8.0,9.45,3.98
661,2023-03-26 18:00:00,FEO,OLS,Min_PM25_EWMA,14.0,19.93,3.98
662,2023-03-27 06:00:00,FEO,OLS,Min_PM25_EWMA,15.0,6.55,3.98
663,2023-03-27 18:00:00,FEO,OLS,Min_PM25_EWMA,15.0,15.77,3.98
664,2023-03-28 06:00:00,FEO,OLS,Min_PM25_EWMA,23.0,13.86,3.98
665,2023-03-28 18:00:00,FEO,OLS,Min_PM25_EWMA,29.0,14.31,3.98
666,2023-03-29 06:00:00,FEO,OLS,Min_PM25_EWMA,24.0,17.32,3.98
667,2023-03-29 18:00:00,FEO,OLS,Min_PM25_EWMA,13.0,23.95,3.98
668,2023-03-30 06:00:00,FEO,OLS,Min_PM25_EWMA,14.0,18.83,3.98
669,2023-03-30 18:00:00,FEO,OLS,Min_PM25_EWMA,22.0,13.03,3.98
670,2023-03-31 06:00:00,FEO,OLS,Min_PM25_EWMA,13.0,13.57,3.98
671,2023-03-31 18:00:00,FEO,OLS,Min_PM25_EWMA,19.0,22.43,3.98
672,2023-04-01 06:00:00,FEO,OLS,Min_PM25_EWMA,16.0,13.51,3.98
673,2023-04-01 18:00:00,FEO,OLS,Min_PM25_EWMA,22.0,14.27,3.98
674,2023-04-02 06:00:00,FEO,OLS,Min_PM25_EWMA,11.0,16.29,3.98
675,2023-04-02 18:00:00,FEO,OLS,Min_PM25_EWMA,23.0,24.48,3.98
676,2023-04-03 06:00:00,FEO,OLS,Min_PM25_EWMA,18.0,11.47,3.98
677,2023-04-03 18:00:00,FEO,OLS,Min_PM25_EWMA,20.0,20.02,3.98
678,2023-04-04 06:00:00,FEO,OLS,Min_PM25_EWMA,12.0,11.83,3.98
679,2023-04-04 18:00:00,FEO,OLS,Min_PM25_EWMA,26.0,17.89,3.98
680,2023-04-05 06:00:00,FEO,OLS,Min_PM25_EWMA,18.0,10.25,3.98
681,2023-04-05 18:00:00,FEO,OLS,Min_PM25_EWMA,25.0,19.31,3.98
682,2023-04-06 06:00:00,FEO,OLS,Min_PM25_EWMA,15.0,16.56,3.98
683,2023-04-06 18:00:00,FEO,OLS,Min_PM25_EWMA,17.0,20.31,3.98
684,2023-04-07 06:00:00,FEO,OLS,Min_PM25_EWMA,6.0,12.98,3.98
685,2023-04-07 18:00:00,FEO,OLS,Min_PM25_EWMA,14.0,17.66,3.98
686,2023-04-08 06:00:00,FEO,OLS,Min_PM25_EWMA,7.0,7.93,3.98
687,2023-04-08 18:00:00,FEO,OLS,Min_PM25_EWMA,9.0,16.95,3.98
688,2023-04-09 06:00:00,FEO,OLS,Min_PM25_EWMA,14.0,7.86,3.98
689,2023-04-09 18:00:00,FEO,OLS,Min_PM25_EWMA,5.0,7.13,3.98
690,2023-04-10 06:00:00,FEO,OLS,Min_PM25_EWMA,7.0,9.16,3.98
691,2023-04-10 18:00:00,FEO,OLS,Min_PM25_EWMA,6.0,10.28,3.98
692,2023-04-11 06:00:00,FEO,OLS,Min_PM25_EWMA,6.0,6.91,3.98
693,2023-03-11 06:00:00,FEO,SVM,Mean_PM25_EWMA,21.0,18.67,4.36
694,2023-03-11 18:00:00,FEO,SVM,Mean_PM25_EWMA,26.0,27.52,4.36
695,2023-03-12 06:00:00,FEO,SVM,Mean_PM25_EWMA,18.0,21.72,4.36
696,2023-03-12 18:00:00,FEO,SVM,Mean_PM25_EWMA,22.0,24.45,4.36
697,2023-03-13 06:00:00,FEO,SVM,Mean_PM25_EWMA,18.0,20.54,4.36
698,2023-03-13 18:00:00,FEO,SVM,Mean_PM25_EWMA,22.0,20.47,4.36
699,2023-03-14 06:00:00,FEO,SVM,Mean_PM25_EWMA,18.0,18.03,4.36
700,2023-03-14 18:00:00,FEO,SVM,Mean_PM25_EWMA,27.0,18.7,4.36
701,2023-03-15 06:00:00,FEO,SVM,Mean_PM25_EWMA,14.0,14.47,4.36
702,2023-03-15 18:00:00,FEO,SVM,Mean_PM25_EWMA,16.0,22.79,4.36
703,2023-03-16 06:00:00,FEO,SVM,Mean_PM25_EWMA,10.0,13.38,4.36
704,2023-03-16 18:00:00,FEO,SVM,Mean_PM25_EWMA,15.0,15.8,4.36
705,2023-03-17 06:00:00,FEO,SVM,Mean_PM25_EWMA,11.0,11.39,4.36
706,2023-03-17 18:00:00,FEO,SVM,Mean_PM25_EWMA,21.0,15.18,4.36
707,2023-03-18 06:00:00,FEO,SVM,Mean_PM25_EWMA,18.0,11.08,4.36
708,2023-03-18 18:00:00,FEO,SVM,Mean_PM25_EWMA,18.0,16.65,4.36
709,2023-03-19 06:00:00,FEO,SVM,Mean_PM25_EWMA,10.0,14.43,4.36
710,2023-03-19 18:00:00,FEO,SVM,Mean_PM25_EWMA,11.0,14.0,4.36
711,2023-03-20 06:00:00,FEO,SVM,Mean_PM25_EWMA,9.0,12.39,4.36
712,2023-03-20 18:00:00,FEO,SVM,Mean_PM25_EWMA,14.0,16.0,4.36
713,2023-03-21 06:00:00,FEO,SVM,Mean_PM25_EWMA,13.0,13.0,4.36
714,2023-03-21 18:00:00,FEO,SVM,Mean_PM25_EWMA,18.0,18.27,4.36
715,2023-03-22 06:00:00,FEO,SVM,Mean_PM25_EWMA,16.0,16.2,4.36
716,2023-03-22 18:00:00,FEO,SVM,Mean_PM25_EWMA,20.0,17.77,4.36
717,2023-03-23 06:00:00,FEO,SVM,Mean_PM25_EWMA,19.0,18.28,4.36
718,2023-03-23 18:00:00,FEO,SVM,Mean_PM25_EWMA,28.0,20.13,4.36
719,2023-03-24 06:00:00,FEO,SVM,Mean_PM25_EWMA,14.0,16.41,4.36
720,2023-03-24 18:00:00,FEO,SVM,Mean_PM25_EWMA,21.0,26.31,4.36
721,2023-03-25 06:00:00,FEO,SVM,Mean_PM25_EWMA,17.0,15.41,4.36
722,2023-03-25 18:00:00,FEO,SVM,Mean_PM25_EWMA,29.0,21.73,4.36
723,2023-03-26 06:00:00,FEO,SVM,Mean_PM25_EWMA,16.0,16.89,4.36
724,2023-03-26 18:00:00,FEO,SVM,Mean_PM25_EWMA,24.0,28.15,4.36
725,2023-03-27 06:00:00,FEO,SVM,Mean_PM25_EWMA,24.0,14.97,4.36
726,2023-03-27 18:00:00,FEO,SVM,Mean_PM25_EWMA,28.0,24.02,4.36
727,2023-03-28 06:00:00,FEO,SVM,Mean_PM25_EWMA,28.0,20.86,4.36
728,2023-03-28 18:00:00,FEO,SVM,Mean_PM25_EWMA,41.0,21.03,4.36
729,2023-03-29 06:00:00,FEO,SVM,Mean_PM25_EWMA,33.0,21.74,4.36
730,2023-03-29 18:00:00,FEO,SVM,Mean_PM25_EWMA,23.0,27.81,4.36
731,2023-03-30 06:00:00,FEO,SVM,Mean_PM25_EWMA,19.0,29.66,4.36
732,2023-03-30 18:00:00,FEO,SVM,Mean_PM25_EWMA,29.0,20.38,4.36
733,2023-03-31 06:00:00,FEO,SVM,Mean_PM25_EWMA,20.0,19.56,4.36
734,2023-03-31 18:00:00,FEO,SVM,Mean_PM25_EWMA,27.0,28.18,4.36
735,2023-04-01 06:00:00,FEO,SVM,Mean_PM25_EWMA,23.0,21.37,4.36
736,2023-04-01 18:00:00,FEO,SVM,Mean_PM25_EWMA,37.0,22.11,4.36
737,2023-04-02 06:00:00,FEO,SVM,Mean_PM25_EWMA,19.0,23.31,4.36
738,2023-04-02 18:00:00,FEO,SVM,Mean_PM25_EWMA,28.0,29.32,4.36
739,2023-04-03 06:00:00,FEO,SVM,Mean_PM25_EWMA,24.0,18.98,4.36
740,2023-04-03 18:00:00,FEO,SVM,Mean_PM25_EWMA,29.0,26.67,4.36
741,2023-04-04 06:00:00,FEO,SVM,Mean_PM25_EWMA,18.0,20.2,4.36
742,2023-04-04 18:00:00,FEO,SVM,Mean_PM25_EWMA,30.0,24.21,4.36
743,2023-04-05 06:00:00,FEO,SVM,Mean_PM25_EWMA,25.0,16.21,4.36
744,2023-04-05 18:00:00,FEO,SVM,Mean_PM25_EWMA,32.0,25.87,4.36
745,2023-04-06 06:00:00,FEO,SVM,Mean_PM25_EWMA,26.0,24.33,4.36
746,2023-04-06 18:00:00,FEO,SVM,Mean_PM25_EWMA,34.0,24.75,4.36
747,2023-04-07 06:00:00,FEO,SVM,Mean_PM25_EWMA,12.0,22.08,4.36
748,2023-04-07 18:00:00,FEO,SVM,Mean_PM25_EWMA,27.0,24.7,4.36
749,2023-04-08 06:00:00,FEO,SVM,Mean_PM25_EWMA,15.0,14.85,4.36
750,2023-04-08 18:00:00,FEO,SVM,Mean_PM25_EWMA,19.0,26.29,4.36
751,2023-04-09 06:00:00,FEO,SVM,Mean_PM25_EWMA,18.0,15.56,4.36
752,2023-04-09 18:00:00,FEO,SVM,Mean_PM25_EWMA,22.0,16.09,4.36
753,2023-04-10 06:00:00,FEO,SVM,Mean_PM25_EWMA,10.0,15.64,4.36
754,2023-04-10 18:00:00,FEO,SVM,Mean_PM25_EWMA,17.0,19.97,4.36
755,2023-04-11 06:00:00,FEO,SVM,Mean_PM25_EWMA,8.0,11.54,4.36
